,club,year,amount
0,Manchester City,2016,-192.15
1,Juventus FC,2016,-176.24
2,Manchester United,2016,-166.5
3,Inter Milan,2016,-142.14
4,Paris Saint-Germain,2016,-121.05
5,Chelsea FC,2016,-119.52
6,FC Barcelona,2016,-112.28
7,Shanghai SIPG,2016,-110.79
8,Borussia Dortmund,2016,-108.99
9,Arsenal FC,2016,-101.7
10,Crystal Palace,2016,-91.17
11,AS Roma,2016,-90.68
12,SSC Napoli,2016,-87.38
13,Leicester City,2016,-82.44
14,Everton FC,2016,-77.31
15,Aston Villa,2016,-77.04
16,Tottenham Hotspur,2016,-75.24
17,West Ham United,2016,-75.15
18,VfL Wolfsburg,2016,-72.95
19,Liverpool FC,2016,-71.91
20,Sevilla FC,2016,-71.91
21,Atlético Madrid,2016,-71.1
22,RB Leipzig,2016,-70.61
23,Hebei China Fortune,2016,-69.92
24,Tianjin Quanjian,2016,-67.49
25,Bayern Munich,2016,-63.0
26,Watford FC,2016,-62.96
27,Southampton FC,2016,-62.01
28,Newcastle United,2016,-57.38
29,Swansea City,2016,-52.38
30,Bayer 04 Leverkusen,2016,-51.39
31,Villarreal CF,2016,-50.36
32,AS Monaco,2016,-45.45
33,Olympique Marseille,2016,-45.0
34,Middlesbrough FC,2016,-43.16
35,Burnley FC,2016,-41.04
36,Hamburger SV,2016,-39.56
37,SL Benfica,2016,-39.39
38,FC Schalke 04,2016,-38.97
39,UC Sampdoria,2016,-38.7
40,Sunderland AFC,2016,-37.71
41,AFC Bournemouth,2016,-36.62
42,FC Porto,2016,-36.39
43,Hull City,2016,-36.0
44,Rubin Kazan,2016,-35.69
45,Stoke City,2016,-34.69
46,Borussia Mönchengladbach,2016,-34.43
47,West Bromwich Albion,2016,-34.11
48,Beijing Sinobo Guoan,2016,-33.19
49,Wolverhampton Wanderers,2016,-32.49
50,Valencia CF,2016,-32.4
51,Ajax Amsterdam,2016,-31.95
52,Shanghai Greenland Shenhua,2016,-31.86
53,Sporting CP,2016,-31.32
54,SS Lazio,2016,-29.57
55,Jiangsu Suning,2016,-29.0
56,Bologna FC 1909,2016,-28.44
57,Changchun Yatai,2016,-28.17
58,Real Madrid,2016,-27.0
59,1.FSV Mainz 05,2016,-26.28
60,RSC Anderlecht,2016,-26.19
61,Shandong Luneng Taishan,2016,-26.09
62,Torino FC,2016,-25.92
63,Olympique Lyon,2016,-25.74
64,AC Milan,2016,-25.2
65,Tianjin Teda,2016,-25.0
66,Shenzhen FC,2016,-24.51
67,Sociedade Esportiva Palmeiras,2016,-24.3
68,Norwich City,2016,-23.81
69,Deportivo Guadalajara,2016,-23.49
70,Genoa CFC,2016,-23.4
71,Fulham FC,2016,-23.0
72,Spartak Moscow,2016,-22.82
73,TSG 1899 Hoffenheim,2016,-21.99
74,Tigres UANL,2016,-21.47
75,SV Werder Bremen,2016,-21.33
76,Zenit St. Petersburg,2016,-20.61
77,Galatasaray SK,2016,-20.25
78,FC Augsburg,2016,-19.98
79,US Sassuolo,2016,-19.62
80,Real Betis Balompié,2016,-18.81
81,LOSC Lille,2016,-18.63
82,Guangzhou Evergrande Taobao,2016,-18.05
83,VfB Stuttgart,2016,-17.69
84,Udinese Calcio,2016,-17.1
85,RCD Espanyol Barcelona,2016,-16.56
86,Real Sociedad,2016,-16.2
87,São Paulo Futebol Clube,2016,-16.17
88,CF América,2016,-15.77
89,CD Cruz Azul,2016,-15.75
90,Derby County,2016,-15.54
91,KAA Gent,2016,-15.38
92,Atlanta United FC,2016,-15.04
93,Sport Club Internacional,2016,-14.48
94,Henan Jianye,2016,-14.32
95,Club Atlético River Plate,2016,-14.2
96,ACF Fiorentina,2016,-14.07
97,Trabzonspor,2016,-14.0
98,OGC Nice,2016,-13.73
99,Besiktas JK,2016,-13.59
100,FC Basel 1893,2016,-13.55
101,Club Atlético Boca Juniors,2016,-13.28
102,Delfino Pescara 1936,2016,-12.86
103,KRC Genk,2016,-12.6
104,Olympiacos Piraeus,2016,-12.02
105,FC Toulouse,2016,-11.7
106,Queens Park Rangers,2016,-11.58
107,Standard Liège,2016,-11.36
108,Bristol City,2016,-11.34
109,Málaga CF,2016,-11.28
110,Liaoning FC,2016,-10.8
111,Club Brugge KV,2016,-10.8
112,FK Krasnodar,2016,-10.8
113,Clube de Regatas do Flamengo,2016,-10.76
114,Granada CF,2016,-10.42
115,SC Freiburg,2016,-10.35
116,Atalanta BC,2016,-10.21
117,Chievo Verona,2016,-9.92
118,Wuhan Zall,2016,-9.88
119,Sheffield Wednesday,2016,-9.81
120,Birmingham City,2016,-9.08
121,Guizhou Hengfeng,2016,-9.01
122,Real Madrid Castilla,2016,-9.0
123,Istanbul Basaksehir,2016,-8.92
124,Cagliari Calcio,2016,-8.57
125,Red Bull Salzburg,2016,-8.51
126,Celtic FC,2016,-8.46
127,TSV 1860 Munich,2016,-8.42
128,Santos FC,2016,-8.37
129,Guangzhou R&F,2016,-8.31
130,FC Girondins Bordeaux,2016,-8.1
131,Reading FC,2016,-8.04
132,FC Copenhagen,2016,-7.92
133,Brighton & Hove Albion,2016,-7.88
134,FC Lorient,2016,-7.74
135,SD Eibar,2016,-7.74
136,Leeds United,2016,-7.72
137,US Palermo,2016,-7.63
138,Celta de Vigo,2016,-7.56
139,1. FC Köln,2016,-7.52
140,Fluminense Football Club,2016,-7.29
141,FC Ingolstadt 04,2016,-7.16
142,Cerezo Osaka,2016,-6.6
143,Cruzeiro Esporte Clube,2016,-6.51
144,Fenerbahce SK,2016,-6.39
145,FC Empoli,2016,-6.3
146,AS Saint-Étienne,2016,-6.3
147,Maccabi Tel Aviv,2016,-6.23
148,Club Deportivo Maldonado,2016,-6.08
149,Club Atlético Rosario Central,2016,-6.07
150,Hertha BSC,2016,-6.03
151,Al-Hilal Riyadh,2016,-6.03
152,Steaua Bukarest,2016,-6.02
153,El Ahly Cairo,2016,-5.99
154,Lokomotiv Moscow,2016,-5.9
155,PAOK Thessaloniki,2016,-5.9
156,CF Monterrey,2016,-5.85
157,Terek Grozny,2016,-5.85
158,Club Atlético Independiente,2016,-5.79
159,HSC Montpellier,2016,-5.76
160,Racing Club,2016,-5.72
161,Deportivo Alavés,2016,-5.69
162,Deportivo de La Coruña,2016,-5.67
163,Santos Laguna,2016,-5.6
164,Rapid Vienna,2016,-5.58
165,Hellas Verona,2016,-5.45
166,KV Oostende,2016,-5.4
167,Shijiazhuang Ever Bright,2016,-5.36
168,Chongqing Dangdai Lifan,2016,-5.36
169,AC Sparta Praha,2016,-5.36
170,FC Crotone,2016,-5.31
171,Club Tijuana,2016,-5.26
172,FC Porto B,2016,-5.25
173,Al-Ittihad Jeddah,2016,-5.18
174,GNK Dinamo Zagreb,2016,-4.91
175,Seattle Sounders FC,2016,-4.91
176,PSV Eindhoven,2016,-4.73
177,SCO Angers,2016,-4.68
178,Brentford FC,2016,-4.64
179,Clube Atlético Mineiro,2016,-4.52
180,FC Nantes,2016,-4.5
181,Sport Club Corinthians Paulista,2016,-4.32
182,Beijing Renhe,2016,-4.29
183,SC Braga,2016,-4.24
184,Portland Timbers,2016,-4.19
185,Al-Ahli Jeddah,2016,-4.05
186,Nottingham Forest,2016,-4.01
187,Al-Shabab Al-Arabi Club,2016,-4.01
188,Los Angeles Galaxy,2016,-4.01
189,SK Slavia Prag,2016,-4.01
190,Huddersfield Town,2016,-4.01
191,AZ Alkmaar,2016,-3.92
192,Legia Warszawa,2016,-3.89
193,Maccabi Haifa,2016,-3.87
194,Cardiff City,2016,-3.87
195,SM Caen,2016,-3.83
196,FC Pro Vercelli 1892,2016,-3.74
197,Club Atlético Talleres,2016,-3.72
198,SV Darmstadt 98,2016,-3.69
199,Sevilla Atlético,2016,-3.69
200,Club Atlético San Lorenzo de Almagro,2016,-3.65
201,Club Universidad de Chile,2016,-3.51
202,UNAM Pumas,2016,-3.42
203,Eintracht Frankfurt,2016,-3.42
204,Al-Jazira (Abu Dhabi),2016,-3.42
205,FK Rostov,2016,-3.33
206,Albirex Niigata,2016,-3.33
207,1.FC Union Berlin,2016,-3.33
208,Gaziantepspor,2016,-3.24
209,Grasshopper Club Zurich,2016,-3.2
210,CD Leganés,2016,-3.2
211,Arsenal FC U23,2016,-3.19
212,Zamalek SC,2016,-3.17
213,Feyenoord Rotterdam,2016,-3.15
214,Real Salt Lake City,2016,-3.09
215,Chicago Fire,2016,-3.06
216,Juventus Primavera,2016,-3.02
217,Genclerbirligi Ankara,2016,-2.96
218,Caykur Rizespor,2016,-2.93
219,US Latina Calcio,2016,-2.93
220,Baoding Yingli ETS,2016,-2.88
221,FCO Dijon,2016,-2.84
222,Levante UD,2016,-2.84
223,West Ham United U23,2016,-2.7
224,Al-Wahda FC Abu Dhabi,2016,-2.7
225,Al-Ain FC,2016,-2.7
226,Al-Nasr (Dubai),2016,-2.7
227,Gamba Osaka,2016,-2.69
228,Montreal Impact,2016,-2.63
229,UD Las Palmas,2016,-2.61
230,Sport Club do Recife,2016,-2.61
231,Shanghai Shenxin,2016,-2.49
232,Grêmio Foot-Ball Porto Alegrense,2016,-2.49
233,Hannover 96,2016,-2.43
234,Panathinaikos Athens,2016,-2.32
235,Barnsley FC,2016,-2.29
236,AS Monaco U19,2016,-2.25
237,Dynamo Kyiv,2016,-2.25
238,Hapoel Beer Sheva,2016,-2.23
239,Eintracht Braunschweig,2016,-2.18
240,Club Atlético Huracán,2016,-2.14
241,Club Nacional,2016,-1.86
242,El Tanque Sisley,2016,-1.8
243,Atlas Guadalajara,2016,-1.8
244,Atlético Nacional,2016,-1.8
245,Huachipato FC,2016,-1.75
246,Monarcas Morelia,2016,-1.62
247,CA Peñarol,2016,-1.17
248,CSD Colo Colo,2016,-1.15
249,Deportivo Toluca,2016,-1.06
250,FC Barcelona,2017,-323.55
251,Manchester City,2017,-285.75
252,Paris Saint-Germain,2017,-254.7
253,Chelsea FC,2017,-234.54
254,Everton FC,2017,-182.88
255,Manchester United,2017,-178.56
256,AC Milan,2017,-172.78
257,Liverpool FC,2017,-156.49
258,Juventus FC,2017,-144.36
259,Arsenal FC,2017,-137.57
260,Inter Milan,2017,-119.82
261,AS Monaco,2017,-111.33
262,Tottenham Hotspur,2017,-109.35
263,Bayern Munich,2017,-104.85
264,Borussia Dortmund,2017,-98.85
265,Atlético Madrid,2017,-91.8
266,AS Roma,2017,-86.67
267,Zenit St. Petersburg,2017,-84.87
268,Leicester City,2017,-79.06
269,Beijing Sinobo Guoan,2017,-71.97
270,Sevilla FC,2017,-67.55
271,VfL Wolfsburg,2017,-66.38
272,ACF Fiorentina,2017,-66.33
273,Swansea City,2017,-66.05
274,Watford FC,2017,-64.26
275,LOSC Lille,2017,-61.65
276,SSC Napoli,2017,-58.28
277,Brighton & Hove Albion,2017,-57.15
278,RB Leipzig,2017,-56.48
279,Olympique Marseille,2017,-55.8
280,Olympique Lyon,2017,-55.35
281,Southampton FC,2017,-55.13
282,Stoke City,2017,-51.93
283,West Ham United,2017,-51.12
284,Huddersfield Town,2017,-51.08
285,UC Sampdoria,2017,-50.76
286,Bayer 04 Leverkusen,2017,-50.4
287,Middlesbrough FC,2017,-50.09
288,Valencia CF,2017,-49.5
289,Stade Rennais FC,2017,-48.51
290,West Bromwich Albion,2017,-48.15
291,Atalanta BC,2017,-46.71
292,FC Schalke 04,2017,-44.37
293,Crystal Palace,2017,-44.06
294,Sporting CP,2017,-43.11
295,Villarreal CF,2017,-41.49
296,Newcastle United,2017,-39.87
297,Galatasaray SK,2017,-39.2
298,Real Madrid,2017,-36.45
299,1. FC Köln,2017,-36.0
300,Real Betis Balompié,2017,-34.65
301,Borussia Mönchengladbach,2017,-33.53
302,Burnley FC,2017,-32.17
303,AFC Bournemouth,2017,-30.87
304,FC Girondins Bordeaux,2017,-29.34
305,Club Atlético River Plate,2017,-29.3
306,Athletic Bilbao,2017,-28.8
307,US Sassuolo,2017,-28.44
308,VfB Stuttgart,2017,-27.81
309,Ajax Amsterdam,2017,-25.79
310,Leeds United,2017,-25.59
311,SS Lazio,2017,-25.43
312,Feyenoord Rotterdam,2017,-24.12
313,OGC Nice,2017,-23.67
314,Celta de Vigo,2017,-23.22
315,PSV Eindhoven,2017,-22.86
316,FC Porto,2017,-22.4
317,Wolverhampton Wanderers,2017,-22.15
318,Torino FC,2017,-21.72
319,Benevento Calcio,2017,-20.77
320,Racing Club,2017,-20.41
321,Cagliari Calcio,2017,-19.89
322,Spartak Moscow,2017,-19.62
323,Dalian Yifang,2017,-19.41
324,Real Sociedad,2017,-19.35
325,Olympiacos Piraeus,2017,-19.26
326,CF Monterrey,2017,-18.54
327,Udinese Calcio,2017,-18.36
328,SC Freiburg,2017,-18.23
329,RSC Anderlecht,2017,-17.96
330,Hull City,2017,-17.86
331,Fenerbahce SK,2017,-17.71
332,Fulham FC,2017,-17.61
333,AS Saint-Étienne,2017,-17.37
334,Hamburger SV,2017,-17.1
335,Hannover 96,2017,-17.1
336,Eintracht Frankfurt,2017,-16.83
337,KAA Gent,2017,-16.56
338,Birmingham City,2017,-15.89
339,SV Werder Bremen,2017,-15.75
340,Genoa CFC,2017,-15.71
341,São Paulo Futebol Clube,2017,-15.67
342,Inter Milan Primavera,2017,-15.21
343,CD Cruz Azul,2017,-15.08
344,1.FSV Mainz 05,2017,-14.9
345,Club Brugge KV,2017,-14.69
346,Trabzonspor,2017,-14.49
347,AC Sparta Praha,2017,-14.4
348,Sheffield Wednesday,2017,-13.68
349,Norwich City,2017,-13.6
350,Jiangsu Suning,2017,-13.5
351,FK Krasnodar,2017,-13.5
352,CF América,2017,-13.39
353,TSG 1899 Hoffenheim,2017,-13.23
354,Reading FC,2017,-12.69
355,Al-Hilal Riyadh,2017,-12.6
356,Hertha BSC,2017,-12.6
357,CF Pachuca,2017,-12.42
358,Tigres UANL,2017,-12.42
359,Atlanta United FC,2017,-12.33
360,Tianjin Quanjian,2017,-12.12
361,Bristol City,2017,-12.09
362,Standard Liège,2017,-11.75
363,Getafe CF,2017,-11.61
364,Besiktas JK,2017,-11.48
365,Nagoya Grampus,2017,-11.45
366,Cardiff City,2017,-11.4
367,Club Atlético Independiente,2017,-11.34
368,SCO Angers,2017,-11.16
369,Derby County,2017,-11.04
370,Chongqing Dangdai Lifan,2017,-10.8
371,Cesena Primavera,2017,-10.8
372,Celtic FC,2017,-10.64
373,Club Tijuana,2017,-10.54
374,Tianjin Teda,2017,-10.26
375,FC Nantes,2017,-10.17
376,Deportivo Alavés,2017,-10.14
377,Delfino Pescara 1936,2017,-10.04
378,KRC Genk,2017,-9.77
379,Club Atlético Boca Juniors,2017,-9.72
380,Málaga CF,2017,-9.45
381,Rangers FC,2017,-9.4
382,Bologna FC 1909,2017,-9.27
383,FC Copenhagen,2017,-9.09
384,SL Benfica,2017,-8.96
385,Junior FC,2017,-8.57
386,Deportivo de La Coruña,2017,-8.55
387,Levante UD,2017,-8.19
388,Girona FC,2017,-7.88
389,SPAL 2013,2017,-7.64
390,Sociedade Esportiva Palmeiras,2017,-7.62
391,Los Angeles FC,2017,-7.57
392,Al-Ahli Jeddah,2017,-7.33
393,Hebei China Fortune,2017,-7.25
394,Cruzeiro Esporte Clube,2017,-7.12
395,Vitória Guimarães SC,2017,-7.11
396,SV Zulte Waregem,2017,-7.07
397,Antalyaspor,2017,-6.81
398,FC Augsburg,2017,-6.8
399,Dynamo Kyiv,2017,-6.75
400,FCSB,2017,-6.69
401,FC Empoli,2017,-6.65
402,PAOK Thessaloniki,2017,-6.57
403,Everton FC U23,2017,-6.39
404,FC Basel 1893,2017,-6.38
405,SM Caen,2017,-6.26
406,SD Eibar,2017,-6.26
407,Konyaspor,2017,-6.17
408,Guizhou Hengfeng,2017,-6.12
409,KV Oostende,2017,-6.08
410,Nottingham Forest,2017,-5.99
411,SC Amiens,2017,-5.97
412,Henan Jianye,2017,-5.76
413,Barnsley FC,2017,-5.75
414,Ascoli Picchio,2017,-5.72
415,Atlético Nacional,2017,-5.69
416,CD Leganés,2017,-5.49
417,Brentford FC,2017,-5.49
418,Zamalek SC,2017,-5.47
419,BSC Young Boys,2017,-5.42
420,FC Barcelona B,2017,-5.41
421,Al-Nassr FC,2017,-5.38
422,Club Atlético Rosario Central,2017,-5.3
423,SC Braga,2017,-5.22
424,Shenzhen FC,2017,-5.18
425,Inter Youth,2017,-5.18
426,AZ Alkmaar,2017,-5.13
427,HSC Montpellier,2017,-5.13
428,Sheffield United,2017,-5.08
429,Ajax Amsterdam U19,2017,-4.95
430,New York Red Bulls,2017,-4.95
431,SK Slavia Prag,2017,-4.92
432,El Ahly Cairo,2017,-4.91
433,Dinamo Moscow,2017,-4.8
434,Red Star Belgrade,2017,-4.77
435,Malmö FF,2017,-4.77
436,UNAM Pumas,2017,-4.73
437,Wuhan Zall,2017,-4.5
438,Alanyaspor,2017,-4.5
439,Club Atlético San Lorenzo de Almagro,2017,-4.48
440,FC Ingolstadt 04,2017,-4.41
441,FC Lorient,2017,-4.32
442,SC Heerenveen,2017,-4.19
443,FC Sion,2017,-4.15
444,Clube de Regatas do Flamengo,2017,-4.14
445,FK Rostov,2017,-4.1
446,FC Porto B,2017,-4.05
447,Beijing Renhe,2017,-4.05
448,Vitesse Arnhem,2017,-4.01
449,Bursaspor,2017,-3.99
450,RCD Espanyol Barcelona,2017,-3.92
451,Los Angeles Galaxy,2017,-3.87
452,Lokomotiv Moscow,2017,-3.83
453,Rosenborg BK,2017,-3.78
454,Manchester City U18,2017,-3.78
455,US Palermo,2017,-3.74
456,Al-Feiha FC,2017,-3.74
457,Bröndby IF,2017,-3.72
458,Port FC,2017,-3.71
459,SG Dynamo Dresden,2017,-3.68
460,Sport Club Corinthians Paulista,2017,-3.65
461,Ajax Amsterdam U21,2017,-3.6
462,Houston Dynamo,2017,-3.56
463,RC Strasbourg Alsace,2017,-3.51
464,Parma Calcio 1913,2017,-3.49
465,Hapoel Beer Sheva,2017,-3.48
466,KV Mechelen,2017,-3.47
467,Akhmat Grozny,2017,-3.42
468,Sharjah Cultural Sports Club,2017,-3.38
469,Istanbul Basaksehir,2017,-3.33
470,Al-Ain FC,2017,-3.33
471,Vejle Boldklub,2017,-3.33
472,PFK Ludogorets Razgrad,2017,-3.29
473,CA Osasuna,2017,-3.29
474,Columbus Crew SC,2017,-3.27
475,Ipswich Town,2017,-3.18
476,FC Toulouse,2017,-3.15
477,FCO Dijon,2017,-3.15
478,Brighton & Hove Albion U23,2017,-3.15
479,Club Estudiantes de La Plata,2017,-3.14
480,Querétaro FC,2017,-3.03
481,Juventus Primavera,2017,-3.02
482,RSC Charleroi,2017,-3.0
483,Brescia Calcio,2017,-2.9
484,RC Lens,2017,-2.84
485,AC Cesena,2017,-2.8
486,Club Atlético Colón,2017,-2.79
487,Real Madrid U19,2017,-2.79
488,Rapid Vienna,2017,-2.79
489,Slovan Bratislava,2017,-2.75
490,Hellas Verona,2017,-2.75
491,Club Universidad de Chile,2017,-2.66
492,FK Partizan Belgrade,2017,-2.66
493,D.C. United,2017,-2.66
494,Club Necaxa,2017,-2.47
495,FC Midtjylland,2017,-2.07
496,Atlas Guadalajara,2017,-1.73
497,Aalborg BK,2017,-1.34
498,Club Atlético Boston River,2017,-1.26
499,CA Peñarol,2017,-929.0
500,Juventus FC,2018,-235.35
501,Paris Saint-Germain,2018,-195.3
502,Chelsea FC,2018,-189.0
503,AC Milan,2018,-166.95
504,Liverpool FC,2018,-163.98
505,Real Madrid,2018,-146.48
506,AS Monaco,2018,-124.38
507,Atlético Madrid,2018,-119.7
508,AS Roma,2018,-117.99
509,FC Barcelona,2018,-116.19
510,Valencia CF,2018,-114.3
511,Leicester City,2018,-103.14
512,Wolverhampton Wanderers,2018,-101.03
513,Fulham FC,2018,-100.8
514,West Ham United,2018,-94.82
515,Everton FC,2018,-89.82
516,Villarreal CF,2018,-83.61
517,Guangzhou Evergrande Taobao,2018,-82.67
518,Borussia Dortmund,2018,-81.45
519,AFC Bournemouth,2018,-80.19
520,Inter Milan,2018,-78.84
521,Brighton & Hove Albion,2018,-77.63
522,Manchester United,2018,-74.43
523,Arsenal FC,2018,-73.35
524,Sevilla FC,2018,-71.33
525,Manchester City,2018,-69.38
526,SSC Napoli,2018,-63.9
527,Olympique Marseille,2018,-59.4
528,RB Leipzig,2018,-59.07
529,Stoke City,2018,-56.61
530,Southampton FC,2018,-56.03
531,FC Schalke 04,2018,-55.53
532,Newcastle United,2018,-53.78
533,ACF Fiorentina,2018,-50.22
534,Genoa CFC,2018,-49.18
535,UC Sampdoria,2018,-47.57
536,Pyramids FC,2018,-47.0
537,Cardiff City,2018,-46.08
538,Huddersfield Town,2018,-45.63
539,Ajax Amsterdam,2018,-45.59
540,Atalanta BC,2018,-45.27
541,Al-Ittihad Jeddah,2018,-45.09
542,Al Duhail Sports Club,2018,-44.1
543,SS Lazio,2018,-43.7
544,Al-Nassr FC,2018,-43.38
545,Torino FC,2018,-43.25
546,Udinese Calcio,2018,-42.39
547,US Sassuolo,2018,-42.35
548,VfB Stuttgart,2018,-42.3
549,Olympique Lyon,2018,-37.85
550,Real Betis Balompié,2018,-37.35
551,Shakhtar Donetsk,2018,-37.08
552,CF Monterrey,2018,-36.45
553,CD Cruz Azul,2018,-36.05
554,VfL Wolfsburg,2018,-36.0
555,Clube de Regatas do Flamengo,2018,-34.49
556,Zenit St. Petersburg,2018,-33.3
557,Al-Ahli Jeddah,2018,-31.38
558,Cagliari Calcio,2018,-30.87
559,Bologna FC 1909,2018,-29.97
560,Burnley FC,2018,-29.7
561,Athletic Bilbao,2018,-29.61
562,Sporting CP,2018,-29.43
563,FC Porto,2018,-29.3
564,Borussia Mönchengladbach,2018,-29.3
565,TSG 1899 Hoffenheim,2018,-28.8
566,Bayer 04 Leverkusen,2018,-28.35
567,RSC Anderlecht,2018,-27.45
568,Dalian Yifang,2018,-27.22
569,Watford FC,2018,-27.09
570,1.FSV Mainz 05,2018,-27.0
571,Celta de Vigo,2018,-26.55
572,Tianjin Tianhai,2018,-26.1
573,Club Atlético Boca Juniors,2018,-25.78
574,OGC Nice,2018,-25.2
575,Nottingham Forest,2018,-24.69
576,Eintracht Frankfurt,2018,-24.35
577,Fenerbahce SK,2018,-24.07
578,Levante UD,2018,-23.4
579,SV Werder Bremen,2018,-23.22
580,SL Benfica,2018,-23.05
581,Galatasaray SK,2018,-22.98
582,FK Krasnodar,2018,-22.95
583,SPAL,2018,-21.51
584,Dynamo Kyiv,2018,-21.42
585,CF América,2018,-20.32
586,Getafe CF,2018,-20.03
587,Guangzhou R&F,2018,-19.72
588,Sociedade Esportiva Palmeiras,2018,-19.41
589,Club Brugge KV,2018,-19.35
590,Middlesbrough FC,2018,-19.35
591,PSV Eindhoven,2018,-19.13
592,Parma Calcio 1913,2018,-18.36
593,FC Girondins Bordeaux,2018,-18.18
594,RCD Espanyol Barcelona,2018,-18.0
595,Shenzhen FC,2018,-17.94
596,KRC Genk,2018,-17.24
597,Aston Villa,2018,-17.19
598,Santos Laguna,2018,-16.75
599,Hannover 96,2018,-16.67
600,FC Toulouse,2018,-16.61
601,Spartak Moscow,2018,-16.29
602,CD Leganés,2018,-16.29
603,Stade Rennais FC,2018,-16.2
604,Tigres UANL,2018,-15.75
605,Lokomotiv Moscow,2018,-15.75
606,São Paulo Futebol Clube,2018,-15.63
607,FC Empoli,2018,-15.57
608,SC Freiburg,2018,-15.48
609,Al-Wahda Mekka,2018,-15.48
610,1. FC Köln,2018,-14.31
611,Al-Hilal Riyadh,2018,-14.2
612,RC Strasbourg Alsace,2018,-14.18
613,KAA Gent,2018,-14.16
614,Stade Reims,2018,-13.95
615,FC Nantes,2018,-13.59
616,Atlanta United FC,2018,-13.46
617,Deportivo Guadalajara,2018,-13.43
618,Celtic FC,2018,-13.08
619,Beijing Sinobo Guoan,2018,-12.95
620,AS Saint-Étienne,2018,-12.6
621,Benevento Calcio,2018,-12.33
622,FC Basel 1893,2018,-11.93
623,CF Pachuca,2018,-11.9
624,Red Bull Salzburg,2018,-11.61
625,Derby County,2018,-11.59
626,West Bromwich Albion,2018,-11.42
627,CSKA Moscow,2018,-11.04
628,Shandong Luneng Taishan,2018,-10.8
629,Hertha BSC,2018,-10.8
630,Real Sociedad,2018,-10.8
631,Crystal Palace,2018,-10.67
632,Rangers FC,2018,-10.64
633,Racing Club,2018,-10.47
634,Santos FC,2018,-10.35
635,SK Slavia Prag,2018,-10.3
636,Leeds United,2018,-10.17
637,Hebei China Fortune,2018,-10.17
638,Henan Jianye,2018,-10.08
639,Tianjin Teda,2018,-10.04
640,Club Tijuana,2018,-9.95
641,Rayo Vallecano,2018,-9.77
642,Bristol City,2018,-9.68
643,Chievo Verona,2018,-9.45
644,New York City FC,2018,-9.45
645,Red Star Belgrade,2018,-9.27
646,Deportivo de La Coruña,2018,-9.25
647,Clube Atlético Mineiro,2018,-9.22
648,Girona FC,2018,-9.18
649,HSC Montpellier,2018,-9.14
650,Real Valladolid CF,2018,-9.09
651,GNK Dinamo Zagreb,2018,-9.05
652,Deportivo Alavés,2018,-9.02
653,Bayern Munich,2018,-9.0
654,Standard Liège,2018,-9.0
655,Shenzhen FC Reserves,2018,-8.97
656,SM Caen,2018,-8.78
657,Club Atlético Independiente,2018,-8.74
658,Toronto FC,2018,-8.7
659,FC Midtjylland,2018,-8.63
660,PAOK Thessaloniki,2018,-8.55
661,El Ahly Cairo,2018,-8.51
662,Jiangsu Suning,2018,-8.36
663,Olympiacos Piraeus,2018,-8.3
664,FCO Dijon,2018,-8.28
665,LOSC Lille,2018,-8.01
666,Sport Club Corinthians Paulista,2018,-7.99
667,Wuhan Zall,2018,-7.88
668,Besiktas JK,2018,-7.79
669,FC Metz,2018,-7.74
670,SD Eibar,2018,-7.2
671,Sharjah Cultural Sports Club,2018,-6.75
672,Changchun Yatai,2018,-6.68
673,FC Ingolstadt 04,2018,-6.67
674,Club Atlético River Plate,2018,-6.66
675,Frosinone Calcio,2018,-6.48
676,Swansea City,2018,-6.44
677,SD Huesca,2018,-6.3
678,FK Rostov,2018,-6.27
679,FC Copenhagen,2018,-6.23
680,Los Angeles FC,2018,-6.18
681,AZ Alkmaar,2018,-6.12
682,Fortuna Düsseldorf,2018,-6.08
683,FC Barcelona B,2018,-6.03
684,Sheffield United,2018,-6.03
685,FC Augsburg,2018,-5.99
686,Urawa Red Diamonds,2018,-5.94
687,Brentford FC,2018,-5.9
688,Seattle Sounders FC,2018,-5.76
689,SC Braga,2018,-5.63
690,Cruzeiro Esporte Clube,2018,-5.63
691,SC Amiens,2018,-5.52
692,Deportivo Toluca,2018,-5.52
693,Grêmio Foot-Ball Porto Alegrense,2018,-5.43
694,Roma Primavera,2018,-5.4
695,Shanghai Greenland Shenhua,2018,-5.27
696,Asociación Atlética Argentinos Juniors,2018,-5.04
697,Istanbul Basaksehir,2018,-4.95
698,Norwich City,2018,-4.91
699,Bröndby IF,2018,-4.88
700,Club Atlético Huracán,2018,-4.79
701,US Palermo,2018,-4.77
702,Kasimpasa,2018,-4.77
703,Reading FC,2018,-4.73
704,Rapid Vienna,2018,-4.73
705,Juventus Primavera,2018,-4.59
706,Wigan Athletic,2018,-4.54
707,AC Perugia Calcio,2018,-4.5
708,1.FC Nuremberg,2018,-4.37
709,AEK Athens,2018,-4.23
710,Zamalek SC,2018,-4.22
711,Club Universidad de Chile,2018,-4.18
712,Hapoel Beer Sheva,2018,-4.08
713,Alanyaspor,2018,-4.06
714,SCO Angers,2018,-4.01
715,Al-Shabab Riyadh,2018,-3.94
716,Juventus U23,2018,-3.87
717,Sunderland AFC,2018,-3.87
718,Club León FC,2018,-3.82
719,PFK Ludogorets Razgrad,2018,-3.78
720,Real Madrid U19,2018,-3.74
721,US Cremonese,2018,-3.6
722,FC Crotone,2018,-3.57
723,UD Las Palmas,2018,-3.51
724,Brescia Calcio,2018,-3.51
725,FC Dallas,2018,-3.48
726,Delfino Pescara 1936,2018,-3.42
727,Minnesota United FC,2018,-3.38
728,AC Sparta Praha,2018,-3.32
729,Club Atlético San Lorenzo de Almagro,2018,-3.23
730,Akhmat Grozny,2018,-3.2
731,EA Guingamp,2018,-3.15
732,Ipswich Town,2018,-3.09
733,Atlas Guadalajara,2018,-3.08
734,Konyaspor,2018,-3.06
735,Monarcas Morelia,2018,-2.89
736,FC Groningen,2018,-2.88
737,Millwall FC,2018,-2.88
738,Ferencvárosi TC,2018,-2.87
739,Vitória Guimarães SC,2018,-2.86
740,US Salernitana 1919,2018,-2.84
741,Club Atlético Vélez Sarsfield,2018,-2.82
742,Portimonense SC,2018,-2.72
743,Nîmes Olympique,2018,-2.7
744,Guizhou Hengfeng,2018,-2.66
745,Ceará Sporting Club,2018,-2.57
746,Molde FK,2018,-2.34
747,Club Necaxa,2018,-2.17
748,Rosenborg BK,2018,-1.8
749,Puebla FC,2018,-1.36
750,Manchester City,2016,31.82
751,Juventus FC,2016,157.42
752,Manchester United,2016,42.44
753,Inter Milan,2016,16.65
754,Paris Saint-Germain,2016,53.82
755,Chelsea FC,2016,97.56
756,FC Barcelona,2016,30.42
757,Shanghai SIPG,2016,3.96
758,Borussia Dortmund,2016,99.9
759,Arsenal FC,2016,9.32
760,Crystal Palace,2016,45.18
761,AS Roma,2016,63.75
762,SSC Napoli,2016,105.12
763,Leicester City,2016,59.45
764,Everton FC,2016,54.72
765,Aston Villa,2016,41.31
766,Tottenham Hotspur,2016,47.07
767,West Ham United,2016,36.9
768,VfL Wolfsburg,2016,85.01
769,Liverpool FC,2016,76.41
770,Sevilla FC,2016,82.31
771,Atlético Madrid,2016,37.8
772,RB Leipzig,2016,90.0
773,Hebei China Fortune,2016,0.0
774,Tianjin Quanjian,2016,2.31
775,Bayern Munich,2016,47.07
776,Watford FC,2016,52.29
777,Southampton FC,2016,76.55
778,Newcastle United,2016,90.79
779,Swansea City,2016,43.74
780,Bayer 04 Leverkusen,2016,21.33
781,Villarreal CF,2016,60.53
782,AS Monaco,2016,16.61
783,Olympique Marseille,2016,74.61
784,Middlesbrough FC,2016,12.15
785,Burnley FC,2016,1.08
786,Hamburger SV,2016,5.09
787,SL Benfica,2016,109.22
788,FC Schalke 04,2016,53.82
789,UC Sampdoria,2016,72.63
790,Sunderland AFC,2016,21.39
791,AFC Bournemouth,2016,22.94
792,FC Porto,2016,13.55
793,Hull City,2016,26.01
794,Rubin Kazan,2016,6.57
795,Stoke City,2016,3.42
796,Borussia Mönchengladbach,2016,40.59
797,West Bromwich Albion,2016,24.28
798,Beijing Sinobo Guoan,2016,18.75
799,Wolverhampton Wanderers,2016,2.69
800,Valencia CF,2016,103.41
801,Ajax Amsterdam,2016,72.45
802,Shanghai Greenland Shenhua,2016,3.86
803,Sporting CP,2016,73.76
804,SS Lazio,2016,25.2
805,Jiangsu Suning,2016,11.77
806,Bologna FC 1909,2016,15.28
807,Changchun Yatai,2016,866.0
808,Real Madrid,2016,33.75
809,1.FSV Mainz 05,2016,23.13
810,RSC Anderlecht,2016,26.91
811,Shandong Luneng Taishan,2016,31.04
812,Torino FC,2016,23.65
813,Olympique Lyon,2016,24.57
814,AC Milan,2016,18.41
815,Tianjin Teda,2016,617.0
816,Shenzhen FC,2016,0.0
817,Sociedade Esportiva Palmeiras,2016,31.34
818,Norwich City,2016,33.03
819,Deportivo Guadalajara,2016,0.0
820,Genoa CFC,2016,45.27
821,Fulham FC,2016,21.4
822,Spartak Moscow,2016,2.7
823,TSG 1899 Hoffenheim,2016,33.3
824,Tigres UANL,2016,9.36
825,SV Werder Bremen,2016,24.48
826,Zenit St. Petersburg,2016,94.05
827,Galatasaray SK,2016,9.0
828,FC Augsburg,2016,13.55
829,US Sassuolo,2016,26.82
830,Real Betis Balompié,2016,7.2
831,LOSC Lille,2016,42.3
832,Guangzhou Evergrande Taobao,2016,3.7
833,VfB Stuttgart,2016,40.82
834,Udinese Calcio,2016,27.19
835,RCD Espanyol Barcelona,2016,5.4
836,Real Sociedad,2016,9.9
837,São Paulo Futebol Clube,2016,30.77
838,CF América,2016,5.76
839,CD Cruz Azul,2016,0.0
840,Derby County,2016,14.63
841,KAA Gent,2016,22.1
842,Atlanta United FC,2016,0.0
843,Sport Club Internacional,2016,7.7
844,Henan Jianye,2016,8.39
845,Club Atlético River Plate,2016,20.79
846,ACF Fiorentina,2016,27.9
847,Trabzonspor,2016,5.28
848,OGC Nice,2016,14.22
849,Besiktas JK,2016,12.65
850,FC Basel 1893,2016,25.81
851,Club Atlético Boca Juniors,2016,21.95
852,Delfino Pescara 1936,2016,19.44
853,KRC Genk,2016,38.25
854,Olympiacos Piraeus,2016,47.93
855,FC Toulouse,2016,9.0
856,Queens Park Rangers,2016,15.19
857,Standard Liège,2016,10.26
858,Bristol City,2016,12.71
859,Málaga CF,2016,0.0
860,Liaoning FC,2016,18.58
861,Club Brugge KV,2016,10.76
862,FK Krasnodar,2016,15.21
863,Clube de Regatas do Flamengo,2016,8.37
864,Granada CF,2016,28.44
865,SC Freiburg,2016,4.64
866,Atalanta BC,2016,37.2
867,Chievo Verona,2016,5.56
868,Wuhan Zall,2016,0.0
869,Sheffield Wednesday,2016,0.0
870,Birmingham City,2016,180.0
871,Guizhou Hengfeng,2016,0.0
872,Real Madrid Castilla,2016,0.0
873,Istanbul Basaksehir,2016,900.0
874,Cagliari Calcio,2016,10.45
875,Red Bull Salzburg,2016,64.85
876,Celtic FC,2016,3.15
877,TSV 1860 Munich,2016,2.3
878,Santos FC,2016,28.35
879,Guangzhou R&F,2016,16.85
880,FC Girondins Bordeaux,2016,2.34
881,Reading FC,2016,5.31
882,FC Copenhagen,2016,5.4
883,Brighton & Hove Albion,2016,0.0
884,FC Lorient,2016,28.94
885,SD Eibar,2016,4.5
886,Leeds United,2016,6.82
887,US Palermo,2016,26.33
888,Celta de Vigo,2016,17.82
889,1. FC Köln,2016,17.1
890,Fluminense Football Club,2016,14.94
891,FC Ingolstadt 04,2016,4.1
892,Cerezo Osaka,2016,0.0
893,Cruzeiro Esporte Clube,2016,7.06
894,Fenerbahce SK,2016,7.65
895,FC Empoli,2016,13.5
896,AS Saint-Étienne,2016,2.03
897,Maccabi Tel Aviv,2016,7.05
898,Club Deportivo Maldonado,2016,13.86
899,Club Atlético Rosario Central,2016,23.67
900,Hertha BSC,2016,4.5
901,Al-Hilal Riyadh,2016,0.0
902,Steaua Bukarest,2016,15.26
903,El Ahly Cairo,2016,13.01
904,Lokomotiv Moscow,2016,3.15
905,PAOK Thessaloniki,2016,8.55
906,CF Monterrey,2016,0.0
907,Terek Grozny,2016,0.0
908,Club Atlético Independiente,2016,4.61
909,HSC Montpellier,2016,14.76
910,Racing Club,2016,20.1
911,Deportivo Alavés,2016,0.0
912,Deportivo de La Coruña,2016,18.0
913,Santos Laguna,2016,1.94
914,Rapid Vienna,2016,4.64
915,Hellas Verona,2016,14.9
916,KV Oostende,2016,3.6
917,Shijiazhuang Ever Bright,2016,11.43
918,Chongqing Dangdai Lifan,2016,1.36
919,AC Sparta Praha,2016,18.68
920,FC Crotone,2016,6.98
921,Club Tijuana,2016,0.0
922,FC Porto B,2016,0.0
923,Al-Ittihad Jeddah,2016,900.0
924,GNK Dinamo Zagreb,2016,37.04
925,Seattle Sounders FC,2016,42.0
926,PSV Eindhoven,2016,14.9
927,SCO Angers,2016,3.96
928,Brentford FC,2016,12.96
929,Clube Atlético Mineiro,2016,14.8
930,FC Nantes,2016,2.38
931,Sport Club Corinthians Paulista,2016,17.15
932,Beijing Renhe,2016,9.32
933,SC Braga,2016,32.64
934,Portland Timbers,2016,0.0
935,Al-Ahli Jeddah,2016,0.0
936,Nottingham Forest,2016,16.74
937,Al-Shabab Al-Arabi Club,2016,0.0
938,Los Angeles Galaxy,2016,149.0
939,SK Slavia Prag,2016,360.0
940,Huddersfield Town,2016,1.31
941,AZ Alkmaar,2016,24.66
942,Legia Warszawa,2016,13.5
943,Maccabi Haifa,2016,1.08
944,Cardiff City,2016,6.28
945,SM Caen,2016,9.9
946,FC Pro Vercelli 1892,2016,5.22
947,Club Atlético Talleres,2016,0.0
948,SV Darmstadt 98,2016,4.68
949,Sevilla Atlético,2016,0.0
950,Club Atlético San Lorenzo de Almagro,2016,18.08
951,Club Universidad de Chile,2016,1.87
952,UNAM Pumas,2016,7.02
953,Eintracht Frankfurt,2016,10.85
954,Al-Jazira (Abu Dhabi),2016,10.8
955,FK Rostov,2016,4.5
956,Albirex Niigata,2016,0.0
957,1.FC Union Berlin,2016,4.05
958,Gaziantepspor,2016,0.0
959,Grasshopper Club Zurich,2016,8.1
960,CD Leganés,2016,180.0
961,Arsenal FC U23,2016,2.61
962,Zamalek SC,2016,4.5
963,Feyenoord Rotterdam,2016,2.34
964,Real Salt Lake City,2016,0.0
965,Chicago Fire,2016,0.0
966,Juventus Primavera,2016,810.0
967,Genclerbirligi Ankara,2016,4.73
968,Caykur Rizespor,2016,0.0
969,US Latina Calcio,2016,1.4
970,Baoding Yingli ETS,2016,0.0
971,FCO Dijon,2016,1.13
972,Levante UD,2016,4.2
973,West Ham United U23,2016,0.0
974,Al-Wahda FC Abu Dhabi,2016,0.0
975,Al-Ain FC,2016,0.0
976,Al-Nasr (Dubai),2016,0.0
977,Gamba Osaka,2016,1.35
978,Montreal Impact,2016,0.0
979,UD Las Palmas,2016,180.0
980,Sport Club do Recife,2016,860.0
981,Shanghai Shenxin,2016,124.0
982,Grêmio Foot-Ball Porto Alegrense,2016,17.65
983,Hannover 96,2016,12.6
984,Panathinaikos Athens,2016,522.0
985,Barnsley FC,2016,12.13
986,AS Monaco U19,2016,0.0
987,Dynamo Kyiv,2016,19.89
988,Hapoel Beer Sheva,2016,0.0
989,Eintracht Braunschweig,2016,3.6
990,Club Atlético Huracán,2016,6.48
991,Club Nacional,2016,483.0
992,El Tanque Sisley,2016,0.0
993,Atlas Guadalajara,2016,3.96
994,Atlético Nacional,2016,27.32
995,Huachipato FC,2016,3.1
996,Monarcas Morelia,2016,1.17
997,CA Peñarol,2016,7.65
998,CSD Colo Colo,2016,4.86
999,Deportivo Toluca,2016,1.98
1000,FC Barcelona,2017,209.25
1001,Manchester City,2017,82.22
1002,Paris Saint-Germain,2017,88.56
1003,Chelsea FC,2017,180.54
1004,Everton FC,2017,113.83
1005,Manchester United,2017,40.95
1006,AC Milan,2017,32.0
1007,Liverpool FC,2017,166.05
1008,Juventus FC,2017,131.31
1009,Arsenal FC,2017,140.58
1010,Inter Milan,2017,67.72
1011,AS Monaco,2017,220.05
1012,Tottenham Hotspur,2017,93.42
1013,Bayern Munich,2017,29.3
1014,Borussia Dortmund,2017,230.36
1015,Atlético Madrid,2017,75.15
1016,AS Roma,2017,139.28
1017,Zenit St. Petersburg,2017,14.15
1018,Leicester City,2017,43.11
1019,Beijing Sinobo Guoan,2017,5.94
1020,Sevilla FC,2017,73.8
1021,VfL Wolfsburg,2017,32.4
1022,ACF Fiorentina,2017,78.57
1023,Swansea City,2017,72.99
1024,Watford FC,2017,15.07
1025,LOSC Lille,2017,27.99
1026,SSC Napoli,2017,7.65
1027,Brighton & Hove Albion,2017,0.0
1028,RB Leipzig,2017,22.09
1029,Olympique Marseille,2017,2.48
1030,Olympique Lyon,2017,107.6
1031,Southampton FC,2017,88.52
1032,Stoke City,2017,31.63
1033,West Ham United,2017,62.12
1034,Huddersfield Town,2017,5.27
1035,UC Sampdoria,2017,60.5
1036,Bayer 04 Leverkusen,2017,80.91
1037,Middlesbrough FC,2017,48.42
1038,Valencia CF,2017,14.9
1039,Stade Rennais FC,2017,14.22
1040,West Bromwich Albion,2017,1.85
1041,Atalanta BC,2017,78.78
1042,FC Schalke 04,2017,6.39
1043,Crystal Palace,2017,2.7
1044,Sporting CP,2017,47.68
1045,Villarreal CF,2017,60.57
1046,Newcastle United,2017,17.57
1047,Galatasaray SK,2017,32.37
1048,Real Madrid,2017,115.65
1049,1. FC Köln,2017,6.71
1050,Real Betis Balompié,2017,24.36
1051,Borussia Mönchengladbach,2017,27.97
1052,Burnley FC,2017,45.0
1053,AFC Bournemouth,2017,0.0
1054,FC Girondins Bordeaux,2017,23.63
1055,Club Atlético River Plate,2017,37.51
1056,Athletic Bilbao,2017,58.5
1057,US Sassuolo,2017,18.0
1058,VfB Stuttgart,2017,6.84
1059,Ajax Amsterdam,2017,73.08
1060,Leeds United,2017,15.75
1061,SS Lazio,2017,65.43
1062,Feyenoord Rotterdam,2017,29.97
1063,OGC Nice,2017,24.75
1064,Celta de Vigo,2017,11.88
1065,PSV Eindhoven,2017,39.47
1066,FC Porto,2017,63.18
1067,Wolverhampton Wanderers,2017,5.69
1068,Torino FC,2017,69.12
1069,Benevento Calcio,2017,3.58
1070,Racing Club,2017,22.65
1071,Cagliari Calcio,2017,16.9
1072,Spartak Moscow,2017,0.0
1073,Dalian Yifang,2017,1.5
1074,Real Sociedad,2017,47.7
1075,Olympiacos Piraeus,2017,20.75
1076,CF Monterrey,2017,5.58
1077,Udinese Calcio,2017,14.4
1078,SC Freiburg,2017,25.02
1079,RSC Anderlecht,2017,49.91
1080,Hull City,2017,40.65
1081,Fenerbahce SK,2017,15.62
1082,Fulham FC,2017,16.38
1083,AS Saint-Étienne,2017,14.85
1084,Hamburger SV,2017,5.0
1085,Hannover 96,2017,225.0
1086,Eintracht Frankfurt,2017,4.42
1087,KAA Gent,2017,9.95
1088,Birmingham City,2017,4.23
1089,SV Werder Bremen,2017,8.01
1090,Genoa CFC,2017,42.03
1091,São Paulo Futebol Clube,2017,47.22
1092,Inter Milan Primavera,2017,3.6
1093,CD Cruz Azul,2017,4.95
1094,1.FSV Mainz 05,2017,22.37
1095,Club Brugge KV,2017,26.46
1096,Trabzonspor,2017,2.97
1097,AC Sparta Praha,2017,8.55
1098,Sheffield Wednesday,2017,0.0
1099,Norwich City,2017,30.27
1100,Jiangsu Suning,2017,148.0
1101,FK Krasnodar,2017,2.25
1102,CF América,2017,5.04
1103,TSG 1899 Hoffenheim,2017,41.18
1104,Reading FC,2017,1.86
1105,Al-Hilal Riyadh,2017,0.0
1106,Hertha BSC,2017,16.2
1107,CF Pachuca,2017,12.49
1108,Tigres UANL,2017,7.83
1109,Atlanta United FC,2017,0.0
1110,Tianjin Quanjian,2017,0.0
1111,Bristol City,2017,2.97
1112,Standard Liège,2017,10.26
1113,Getafe CF,2017,1.44
1114,Besiktas JK,2017,30.42
1115,Nagoya Grampus,2017,0.0
1116,Cardiff City,2017,2.39
1117,Club Atlético Independiente,2017,23.67
1118,SCO Angers,2017,16.2
1119,Derby County,2017,19.15
1120,Chongqing Dangdai Lifan,2017,8.01
1121,Cesena Primavera,2017,900.0
1122,Celtic FC,2017,1.37
1123,Club Tijuana,2017,16.11
1124,Tianjin Teda,2017,0.0
1125,FC Nantes,2017,9.0
1126,Deportivo Alavés,2017,6.75
1127,Delfino Pescara 1936,2017,10.51
1128,KRC Genk,2017,5.4
1129,Club Atlético Boca Juniors,2017,13.91
1130,Málaga CF,2017,30.96
1131,Rangers FC,2017,3.16
1132,Bologna FC 1909,2017,0.0
1133,FC Copenhagen,2017,14.3
1134,SL Benfica,2017,123.48
1135,Junior FC,2017,2.25
1136,Deportivo de La Coruña,2017,4.95
1137,Levante UD,2017,12.65
1138,Girona FC,2017,0.0
1139,SPAL 2013,2017,742.0
1140,Sociedade Esportiva Palmeiras,2017,17.82
1141,Los Angeles FC,2017,0.0
1142,Al-Ahli Jeddah,2017,0.0
1143,Hebei China Fortune,2017,0.0
1144,Cruzeiro Esporte Clube,2017,1.82
1145,Vitória Guimarães SC,2017,10.65
1146,SV Zulte Waregem,2017,11.7
1147,Antalyaspor,2017,225.0
1148,FC Augsburg,2017,6.84
1149,Dynamo Kyiv,2017,36.9
1150,FCSB,2017,3.59
1151,FC Empoli,2017,16.7
1152,PAOK Thessaloniki,2017,2.25
1153,Everton FC U23,2017,990.0
1154,FC Basel 1893,2017,22.82
1155,SM Caen,2017,5.4
1156,SD Eibar,2017,9.0
1157,Konyaspor,2017,7.78
1158,Guizhou Hengfeng,2017,0.0
1159,KV Oostende,2017,20.3
1160,Nottingham Forest,2017,15.39
1161,SC Amiens,2017,7.2
1162,Henan Jianye,2017,0.0
1163,Barnsley FC,2017,4.32
1164,Ascoli Picchio,2017,0.0
1165,Atlético Nacional,2017,10.98
1166,CD Leganés,2017,117.0
1167,Brentford FC,2017,13.65
1168,Zamalek SC,2017,2.14
1169,BSC Young Boys,2017,20.16
1170,FC Barcelona B,2017,3.24
1171,Al-Nassr FC,2017,0.0
1172,Club Atlético Rosario Central,2017,4.56
1173,SC Braga,2017,28.91
1174,Shenzhen FC,2017,59.0
1175,Inter Youth,2017,0.0
1176,AZ Alkmaar,2017,10.8
1177,HSC Montpellier,2017,18.72
1178,Sheffield United,2017,0.0
1179,Ajax Amsterdam U19,2017,0.0
1180,New York Red Bulls,2017,0.0
1181,SK Slavia Prag,2017,8.22
1182,El Ahly Cairo,2017,7.2
1183,Dinamo Moscow,2017,0.0
1184,Red Star Belgrade,2017,12.65
1185,Malmö FF,2017,1.7
1186,UNAM Pumas,2017,1.53
1187,Wuhan Zall,2017,0.0
1188,Alanyaspor,2017,3.42
1189,Club Atlético San Lorenzo de Almagro,2017,4.28
1190,FC Ingolstadt 04,2017,13.32
1191,FC Lorient,2017,9.54
1192,SC Heerenveen,2017,12.78
1193,FC Sion,2017,8.55
1194,Clube de Regatas do Flamengo,2017,5.96
1195,FK Rostov,2017,10.8
1196,FC Porto B,2017,1.53
1197,Beijing Renhe,2017,2.97
1198,Vitesse Arnhem,2017,18.99
1199,Bursaspor,2017,0.0
1200,RCD Espanyol Barcelona,2017,6.93
1201,Los Angeles Galaxy,2017,180.0
1202,Lokomotiv Moscow,2017,630.0
1203,Rosenborg BK,2017,1.98
1204,Manchester City U18,2017,7.05
1205,US Palermo,2017,11.79
1206,Al-Feiha FC,2017,0.0
1207,Bröndby IF,2017,833.0
1208,Port FC,2017,239.0
1209,SG Dynamo Dresden,2017,2.7
1210,Sport Club Corinthians Paulista,2017,22.5
1211,Ajax Amsterdam U21,2017,450.0
1212,Houston Dynamo,2017,1.35
1213,RC Strasbourg Alsace,2017,1.8
1214,Parma Calcio 1913,2017,0.0
1215,Hapoel Beer Sheva,2017,225.0
1216,KV Mechelen,2017,4.59
1217,Akhmat Grozny,2017,3.6
1218,Sharjah Cultural Sports Club,2017,0.0
1219,Istanbul Basaksehir,2017,14.45
1220,Al-Ain FC,2017,0.0
1221,Vejle Boldklub,2017,4.68
1222,PFK Ludogorets Razgrad,2017,11.07
1223,CA Osasuna,2017,10.13
1224,Columbus Crew SC,2017,815.0
1225,Ipswich Town,2017,765.0
1226,FC Toulouse,2017,11.7
1227,FCO Dijon,2017,13.5
1228,Brighton & Hove Albion U23,2017,0.0
1229,Club Estudiantes de La Plata,2017,18.45
1230,Querétaro FC,2017,153.0
1231,Juventus Primavera,2017,5.58
1232,RSC Charleroi,2017,7.88
1233,Brescia Calcio,2017,3.54
1234,RC Lens,2017,3.49
1235,AC Cesena,2017,3.65
1236,Club Atlético Colón,2017,0.0
1237,Real Madrid U19,2017,0.0
1238,Rapid Vienna,2017,8.17
1239,Slovan Bratislava,2017,1.54
1240,Hellas Verona,2017,7.34
1241,Club Universidad de Chile,2017,3.38
1242,FK Partizan Belgrade,2017,12.6
1243,D.C. United,2017,198.0
1244,Club Necaxa,2017,5.58
1245,FC Midtjylland,2017,15.26
1246,Atlas Guadalajara,2017,0.0
1247,Aalborg BK,2017,1.17
1248,Club Atlético Boston River,2017,0.0
1249,CA Peñarol,2017,8.36
1250,Juventus FC,2018,98.1
1251,Paris Saint-Germain,2018,101.7
1252,Chelsea FC,2018,55.58
1253,AC Milan,2018,78.57
1254,Liverpool FC,2018,34.65
1255,Real Madrid,2018,120.15
1256,AS Monaco,2018,286.88
1257,Atlético Madrid,2018,58.41
1258,AS Roma,2018,134.43
1259,FC Barcelona,2018,120.65
1260,Valencia CF,2018,52.92
1261,Leicester City,2018,86.22
1262,Wolverhampton Wanderers,2018,20.75
1263,Fulham FC,2018,4.05
1264,West Ham United,2018,12.6
1265,Everton FC,2018,25.56
1266,Villarreal CF,2018,52.65
1267,Guangzhou Evergrande Taobao,2018,6.05
1268,Borussia Dortmund,2018,102.51
1269,AFC Bournemouth,2018,18.18
1270,Inter Milan,2018,79.47
1271,Brighton & Hove Albion,2018,12.06
1272,Manchester United,2018,31.82
1273,Arsenal FC,2018,5.76
1274,Sevilla FC,2018,81.86
1275,Manchester City,2018,48.69
1276,SSC Napoli,2018,100.8
1277,Olympique Marseille,2018,28.67
1278,RB Leipzig,2018,65.48
1279,Stoke City,2018,27.14
1280,Southampton FC,2018,21.51
1281,FC Schalke 04,2018,41.09
1282,Newcastle United,2018,39.13
1283,ACF Fiorentina,2018,41.81
1284,Genoa CFC,2018,67.86
1285,UC Sampdoria,2018,52.26
1286,Pyramids FC,2018,9.92
1287,Cardiff City,2018,0.0
1288,Huddersfield Town,2018,11.1
1289,Ajax Amsterdam,2018,15.8
1290,Atalanta BC,2018,16.11
1291,Al-Ittihad Jeddah,2018,0.0
1292,Al Duhail Sports Club,2018,0.0
1293,SS Lazio,2018,34.74
1294,Al-Nassr FC,2018,180.0
1295,Torino FC,2018,15.48
1296,Udinese Calcio,2018,10.31
1297,US Sassuolo,2018,47.88
1298,VfB Stuttgart,2018,15.53
1299,Olympique Lyon,2018,81.09
1300,Real Betis Balompié,2018,42.75
1301,Shakhtar Donetsk,2018,62.1
1302,CF Monterrey,2018,4.03
1303,CD Cruz Azul,2018,6.99
1304,VfL Wolfsburg,2018,4.32
1305,Clube de Regatas do Flamengo,2018,81.18
1306,Zenit St. Petersburg,2018,36.9
1307,Al-Ahli Jeddah,2018,0.0
1308,Cagliari Calcio,2018,7.11
1309,Bologna FC 1909,2018,41.13
1310,Burnley FC,2018,7.2
1311,Athletic Bilbao,2018,72.0
1312,Sporting CP,2018,48.57
1313,FC Porto,2018,64.8
1314,Borussia Mönchengladbach,2018,29.66
1315,TSG 1899 Hoffenheim,2018,5.51
1316,Bayer 04 Leverkusen,2018,40.5
1317,RSC Anderlecht,2018,15.8
1318,Dalian Yifang,2018,1.77
1319,Watford FC,2018,46.66
1320,1.FSV Mainz 05,2018,50.04
1321,Celta de Vigo,2018,31.32
1322,Tianjin Tianhai,2018,26.22
1323,Club Atlético Boca Juniors,2018,37.08
1324,OGC Nice,2018,55.53
1325,Nottingham Forest,2018,1.08
1326,Eintracht Frankfurt,2018,17.01
1327,Fenerbahce SK,2018,23.45
1328,Levante UD,2018,29.7
1329,SV Werder Bremen,2018,24.17
1330,SL Benfica,2018,60.15
1331,Galatasaray SK,2018,27.76
1332,FK Krasnodar,2018,10.71
1333,SPAL,2018,2.07
1334,Dynamo Kyiv,2018,6.75
1335,CF América,2018,18.63
1336,Getafe CF,2018,3.15
1337,Guangzhou R&F,2018,0.0
1338,Sociedade Esportiva Palmeiras,2018,21.06
1339,Club Brugge KV,2018,15.75
1340,Middlesbrough FC,2018,43.28
1341,PSV Eindhoven,2018,15.8
1342,Parma Calcio 1913,2018,270.0
1343,FC Girondins Bordeaux,2018,45.63
1344,RCD Espanyol Barcelona,2018,27.72
1345,Shenzhen FC,2018,0.0
1346,KRC Genk,2018,18.14
1347,Aston Villa,2018,14.45
1348,Santos Laguna,2018,23.3
1349,Hannover 96,2018,12.19
1350,FC Toulouse,2018,32.4
1351,Spartak Moscow,2018,19.13
1352,CD Leganés,2018,20.7
1353,Stade Rennais FC,2018,17.55
1354,Tigres UANL,2018,270.0
1355,Lokomotiv Moscow,2018,0.0
1356,São Paulo Futebol Clube,2018,24.62
1357,FC Empoli,2018,23.31
1358,SC Freiburg,2018,20.41
1359,Al-Wahda Mekka,2018,950.0
1360,1. FC Köln,2018,42.12
1361,Al-Hilal Riyadh,2018,3.99
1362,RC Strasbourg Alsace,2018,12.6
1363,KAA Gent,2018,37.62
1364,Stade Reims,2018,9.9
1365,FC Nantes,2018,19.8
1366,Atlanta United FC,2018,21.96
1367,Deportivo Guadalajara,2018,27.05
1368,Celtic FC,2018,27.98
1369,Beijing Sinobo Guoan,2018,3.47
1370,AS Saint-Étienne,2018,16.83
1371,Benevento Calcio,2018,8.37
1372,FC Basel 1893,2018,25.68
1373,CF Pachuca,2018,5.4
1374,Red Bull Salzburg,2018,51.75
1375,Derby County,2018,13.01
1376,West Bromwich Albion,2018,23.94
1377,CSKA Moscow,2018,37.8
1378,Shandong Luneng Taishan,2018,0.0
1379,Hertha BSC,2018,15.21
1380,Real Sociedad,2018,27.72
1381,Crystal Palace,2018,0.0
1382,Rangers FC,2018,2.78
1383,Racing Club,2018,18.13
1384,Santos FC,2018,4.92
1385,SK Slavia Prag,2018,405.0
1386,Leeds United,2018,6.03
1387,Hebei China Fortune,2018,10.36
1388,Henan Jianye,2018,1.17
1389,Tianjin Teda,2018,0.0
1390,Club Tijuana,2018,1.8
1391,Rayo Vallecano,2018,11.7
1392,Bristol City,2018,26.55
1393,Chievo Verona,2018,17.01
1394,New York City FC,2018,40.0
1395,Red Star Belgrade,2018,21.65
1396,Deportivo de La Coruña,2018,20.07
1397,Clube Atlético Mineiro,2018,12.24
1398,Girona FC,2018,2.97
1399,HSC Montpellier,2018,22.95
1400,Real Valladolid CF,2018,0.0
1401,GNK Dinamo Zagreb,2018,31.64
1402,Deportivo Alavés,2018,8.1
1403,Bayern Munich,2018,75.6
1404,Standard Liège,2018,19.44
1405,Shenzhen FC Reserves,2018,0.0
1406,SM Caen,2018,13.05
1407,Club Atlético Independiente,2018,16.74
1408,Toronto FC,2018,1.02
1409,FC Midtjylland,2018,18.77
1410,PAOK Thessaloniki,2018,10.08
1411,El Ahly Cairo,2018,1.22
1412,Jiangsu Suning,2018,15.66
1413,Olympiacos Piraeus,2018,9.63
1414,FCO Dijon,2018,3.6
1415,LOSC Lille,2018,62.64
1416,Sport Club Corinthians Paulista,2018,14.5
1417,Wuhan Zall,2018,177.0
1418,Besiktas JK,2018,17.28
1419,FC Metz,2018,12.68
1420,SD Eibar,2018,6.98
1421,Sharjah Cultural Sports Club,2018,0.0
1422,Changchun Yatai,2018,9.54
1423,FC Ingolstadt 04,2018,15.12
1424,Club Atlético River Plate,2018,23.91
1425,Frosinone Calcio,2018,270.0
1426,Swansea City,2018,44.78
1427,SD Huesca,2018,360.0
1428,FK Rostov,2018,8.46
1429,FC Copenhagen,2018,17.42
1430,Los Angeles FC,2018,900.0
1431,AZ Alkmaar,2018,27.18
1432,Fortuna Düsseldorf,2018,540.0
1433,FC Barcelona B,2018,4.95
1434,Sheffield United,2018,11.16
1435,FC Augsburg,2018,2.57
1436,Urawa Red Diamonds,2018,0.0
1437,Brentford FC,2018,31.46
1438,Seattle Sounders FC,2018,39.0
1439,SC Braga,2018,18.59
1440,Cruzeiro Esporte Clube,2018,18.76
1441,SC Amiens,2018,9.0
1442,Deportivo Toluca,2018,9.9
1443,Grêmio Foot-Ball Porto Alegrense,2018,50.09
1444,Roma Primavera,2018,0.0
1445,Shanghai Greenland Shenhua,2018,0.0
1446,Asociación Atlética Argentinos Juniors,2018,15.01
1447,Istanbul Basaksehir,2018,4.05
1448,Norwich City,2018,33.84
1449,Bröndby IF,2018,5.83
1450,Club Atlético Huracán,2018,8.55
1451,US Palermo,2018,13.95
1452,Kasimpasa,2018,9.36
1453,Reading FC,2018,5.27
1454,Rapid Vienna,2018,8.01
1455,Juventus Primavera,2018,0.0
1456,Wigan Athletic,2018,6.03
1457,AC Perugia Calcio,2018,4.5
1458,1.FC Nuremberg,2018,0.0
1459,AEK Athens,2018,2.88
1460,Zamalek SC,2018,5.29
1461,Club Universidad de Chile,2018,0.0
1462,Hapoel Beer Sheva,2018,4.92
1463,Alanyaspor,2018,3.6
1464,SCO Angers,2018,18.9
1465,Al-Shabab Riyadh,2018,1.17
1466,Juventus U23,2018,855.0
1467,Sunderland AFC,2018,23.66
1468,Club León FC,2018,5.35
1469,PFK Ludogorets Razgrad,2018,5.4
1470,Real Madrid U19,2018,0.0
1471,US Cremonese,2018,0.0
1472,FC Crotone,2018,3.69
1473,UD Las Palmas,2018,5.22
1474,Brescia Calcio,2018,450.0
1475,FC Dallas,2018,2.91
1476,Delfino Pescara 1936,2018,12.2
1477,Minnesota United FC,2018,779.0
1478,AC Sparta Praha,2018,12.74
1479,Club Atlético San Lorenzo de Almagro,2018,6.11
1480,Akhmat Grozny,2018,6.39
1481,EA Guingamp,2018,3.6
1482,Ipswich Town,2018,9.9
1483,Atlas Guadalajara,2018,7.79
1484,Konyaspor,2018,2.03
1485,Monarcas Morelia,2018,11.21
1486,FC Groningen,2018,2.25
1487,Millwall FC,2018,7.02
1488,Ferencvárosi TC,2018,0.0
1489,Vitória Guimarães SC,2018,13.28
1490,US Salernitana 1919,2018,6.3
1491,Club Atlético Vélez Sarsfield,2018,9.59
1492,Portimonense SC,2018,41.4
1493,Nîmes Olympique,2018,0.0
1494,Guizhou Hengfeng,2018,4.47
1495,Ceará Sporting Club,2018,3.13
1496,Molde FK,2018,4.5
1497,Club Necaxa,2018,13.45
1498,Rosenborg BK,2018,2.2
1499,Puebla FC,2018,0.0
